Date,Ozone_mean,Ozone_max,Ozone_min,AQI_o3_mean,AQI_o3_max,AQI_o3_min,NO2_mean,NO2_max,NO2_min,AQI_no2_mean,AQI_no2_max,AQI_no2_min,PM2.5_mean,PM2.5_max,PM2.5_min,AQI_pm2.5_mean,AQI_pm2.5_max,AQI_pm2.5_min,CO_mean,CO_max,CO_min,AQI_co_mean,AQI_co_max,AQI_co_min,traffic_segments_observed,traffic_daily_total,traffic_daily_mean_segment,temp_c_mean
2018-01-20,0.03084615384615385,0.032,0.028,28.846153846153847,30,26,44.11538461538461,47.4,41.6,41.30769230769231,44,39,10.546153846153846,12.5,7.2,53.0,57,40,0.5692307692307692,0.6,0.5,6.6923076923076925,7,6,21,127955.0,6093.0952380952385,3.0
2018-01-21,0.03127272727272727,0.033,0.031,29.272727272727273,31,29,47.92727272727272,54.8,42.3,44.81818181818182,51,40,15.481818181818182,16.7,13.8,62.90909090909091,65,60,0.5636363636363636,0.6,0.5,6.636363636363637,7,6,21,111310.0,5300.476190476191,3.75
2018-01-22,0.019909090909090908,0.028,0.018,18.636363636363637,26,17,43.72727272727273,46.7,39.8,40.54545454545455,43,37,20.12727272727273,23.1,16.4,71.54545454545455,77,65,0.6636363636363636,0.7,0.6,7.636363636363637,8,7,21,131488.0,6261.333333333333,6.279166666666666
2018-01-23,0.02473076923076923,0.028,0.019,23.115384615384617,26,18,37.638461538461534,38.9,35.4,35.07692307692308,36,33,7.076923076923077,8.6,4.6,39.38461538461539,48,26,0.4307692307692308,0.5,0.4,5.3076923076923075,6,5,21,134593.0,6409.190476190476,8.370833333333334
2018-01-24,0.027136363636363636,0.029,0.026,25.136363636363637,27,24,21.118181818181817,24.7,16.9,19.363636363636363,23,15,5.2,8.3,1.7,28.636363636363637,46,9,0.29090909090909095,0.4,0.2,3.1818181818181817,5,2,21,135247.0,6440.333333333333,3.8166666666666664
2018-01-25,0.031863636363636365,0.033,0.03,29.863636363636363,31,28,24.863636363636363,29.7,19.7,22.727272727272727,27,18,5.245454545454546,8.2,1.5,29.181818181818183,46,8,0.30000000000000004,0.4,0.2,3.3636363636363638,5,2,21,136339.0,6492.333333333333,-2.6875
2018-01-26,0.01957692307692308,0.023,0.018,18.384615384615383,21,17,45.353846153846156,47.2,44.2,42.61538461538461,44,42,7.107692307692308,9.3,4.7,39.53846153846154,51,26,0.4307692307692308,0.5,0.4,5.3076923076923075,6,5,21,139425.0,6639.285714285715,-3.2583333333333333
2018-01-27,0.025428571428571432,0.027,0.025,23.428571428571427,25,23,35.40714285714286,38.3,31.1,33.214285714285715,36,29,8.028571428571428,9.2,6.3,44.42857142857143,51,35,0.34285714285714286,0.4,0.3,3.857142857142857,5,3,21,124268.0,5917.523809523809,2.9291666666666667
2018-01-28,0.014285714285714287,0.017,0.013,13.285714285714286,16,12,33.292857142857144,36.2,29.6,30.785714285714285,34,27,9.257142857142856,11.7,4.0,47.714285714285715,56,22,0.5,0.6,0.4,6.0,7,5,21,110149.0,5245.190476190476,8.875
2018-03-03,0.0358,0.037,0.032,33.0,34,30,11.1,13.2,9.3,9.9,12,8,3.7399999999999998,4.8,1.6,20.9,27,9,0.27,0.3,0.2,2.7,3,2,18,105360.0,5853.333333333333,4.3374999999999995
2018-03-04,0.0375,0.038,0.035,34.5,35,32,10.1625,12.3,8.3,9.125,11,8,2.8125,4.1,1.4,15.625,23,8,0.2625,0.3,0.2,2.625,3,2,18,96040.0,5335.555555555556,4.2375
2018-03-05,0.030199999999999998,0.031,0.027,28.2,29,25,26.439999999999998,27.4,25.8,24.4,25,24,3.5,4.8,2.1,19.4,27,12,0.3,0.4,0.2,3.3,5,2,18,101434.0,5635.222222222223,1.7541666666666667
2018-03-06,0.0385,0.041,0.03,35.666666666666664,38,28,40.1,44.4,37.8,37.666666666666664,42,35,4.083333333333333,5.0,3.0,22.833333333333332,28,17,0.3666666666666667,0.5,0.3,4.0,6,3,18,107315.0,5961.944444444444,2.0500000000000003
2018-03-07,0.034300000000000004,0.035,0.029,31.4,32,27,24.580000000000002,31.1,16.7,22.6,29,15,2.23,3.9,0.8,12.4,22,4,0.26,0.3,0.2,2.6,3,2,6,34886.0,5814.333333333333,1.6624999999999999
2018-03-08,0.028700000000000003,0.029,0.026,26.7,27,24,31.78,36.7,28.5,29.2,34,26,4.9399999999999995,8.1,4.1,27.2,45,23,0.36,0.4,0.3,4.2,5,3,6,44824.0,7470.666666666667,1.3583333333333334
2018-03-09,0.030333333333333334,0.031,0.028,28.333333333333332,29,26,23.433333333333334,29.0,20.3,22.0,27,19,5.7749999999999995,7.6,4.7,32.166666666666664,42,26,0.3,0.4,0.2,3.3333333333333335,5,2,18,103497.0,5749.833333333333,0.6541666666666667
2018-03-10,0.0385,0.039,0.036,35.5,36,33,19.583333333333332,21.2,17.9,18.0,20,16,4.5,5.5,3.5,25.0,31,19,0.26666666666666666,0.3,0.2,2.6666666666666665,3,2,16,82393.0,5149.5625,1.1791666666666665
2018-03-11,0.03983333333333333,0.041,0.038,36.833333333333336,38,35,22.099999999999998,26.2,18.5,20.833333333333332,25,17,4.316666666666666,5.5,2.8,24.166666666666668,31,16,0.26666666666666666,0.3,0.2,2.6666666666666665,3,2,14,50207.0,3586.214285714286,1.2625
2018-03-12,0.03425,0.036,0.03,31.5,33,28,36.45,43.7,23.3,34.25,41,22,3.6625,5.0,1.7,20.25,28,9,0.3,0.4,0.2,3.25,5,2,18,101996.0,5666.444444444444,1.45
2018-03-13,0.0355,0.036,0.034,32.5,33,31,25.45,29.8,17.9,23.333333333333332,27,16,3.766666666666667,4.7,2.9,21.0,26,16,0.3333333333333333,0.4,0.3,3.6666666666666665,5,3,18,104745.0,5819.166666666667,2.4125
2018-03-14,0.03266666666666667,0.033,0.031,30.666666666666668,31,29,23.083333333333332,26.3,21.4,21.5,25,20,4.533333333333333,5.1,4.0,25.166666666666668,28,22,0.26666666666666666,0.3,0.2,2.6666666666666665,3,2,18,102255.0,5680.833333333333,0.40416666666666656
2018-03-15,0.04057142857142858,0.041,0.039,37.57142857142857,38,36,23.342857142857145,25.6,21.5,21.714285714285715,24,20,7.714285714285714,9.2,6.7,42.857142857142854,51,37,0.34285714285714286,0.4,0.3,3.857142857142857,5,3,18,105678.0,5871.0,2.0
2018-04-07,0.044500000000000005,0.045,0.043,41.5,42,40,13.416666666666666,18.0,10.2,12.0,17,9,2.9166666666666665,4.2,2.1,16.166666666666668,23,12,0.3666666666666667,0.5,0.3,4.0,6,3,73,384027.0,5260.643835616438,6.5874999999999995
2018-04-08,0.041,0.042,0.039,38.0,39,36,10.9,13.8,8.4,9.75,12,8,3.4875,5.0,2.3,19.5,28,13,0.275,0.3,0.2,2.75,3,2,73,354456.0,4855.561643835616,2.970833333333333
2018-04-09,0.0375,0.038,0.035,34.5,35,32,28.049999999999997,32.3,22.5,25.833333333333332,30,21,4.566666666666666,5.4,3.0,25.5,30,17,0.26666666666666666,0.3,0.2,2.6666666666666665,3,2,73,407361.0,5580.287671232877,1.6833333333333333
2018-04-10,0.03966666666666666,0.04,0.038,36.666666666666664,37,35,32.416666666666664,39.7,27.6,29.833333333333332,37,25,9.033333333333333,14.0,5.9,45.5,60,33,0.3666666666666667,0.4,0.3,4.333333333333333,5,3,73,409945.0,5615.684931506849,4.804166666666666
2018-04-11,0.041749999999999995,0.045,0.037,38.75,42,34,48.55,51.1,46.8,45.25,48,43,9.325,12.0,6.3,48.625,56,35,0.4,0.5,0.3,4.75,6,3,73,418804.0,5737.041095890411,3.9291666666666667
2018-04-12,0.04416666666666667,0.047,0.037,41.166666666666664,44,34,54.5,58.0,52.4,51.333333333333336,55,49,14.016666666666666,16.1,10.8,60.333333333333336,64,54,0.5666666666666667,0.7,0.5,6.666666666666667,8,6,73,422414.0,5786.493150684932,7.8125
2018-04-13,0.048666666666666664,0.051,0.045,44.833333333333336,47,42,33.56666666666667,49.7,24.8,31.166666666666668,46,23,15.266666666666666,16.7,12.1,62.5,65,57,0.3666666666666667,0.5,0.3,4.0,6,3,73,437506.0,5993.232876712329,17.575
2018-04-14,0.05225,0.053,0.051,48.25,49,47,38.6,45.3,31.3,36.0,42,29,16.95,21.8,14.2,65.75,75,61,0.475,0.5,0.4,5.75,6,5,72,408637.0,5675.513888888889,18.633333333333333
2018-04-15,0.043000000000000003,0.044,0.042,40.0,41,39,6.45,7.7,4.8,6.0,7,4,3.6,4.7,2.4,19.833333333333332,26,13,0.2333333333333333,0.3,0.2,2.3333333333333335,3,2,72,335571.0,4660.708333333333,5.9750000000000005
2019-09-21,0.061,0.062,0.06,70.78571428571429,74,67,44.82857142857143,50.4,40.0,42.142857142857146,47,38,10.464285714285714,11.3,9.5,53.57142857142857,55,52,0.5,0.6,0.4,6.0,7,5,126,739811.0,5871.515873015873,19.575
2019-09-22,0.05876923076923077,0.06,0.058,63.30769230769231,67,61,40.39999999999999,42.8,38.5,37.84615384615385,40,36,12.523076923076925,15.6,10.8,57.30769230769231,63,54,0.6153846153846154,0.8,0.5,7.153846153846154,9,6,126,689145.0,5469.4047619047615,20.662499999999998
2019-09-23,0.05416666666666667,0.064,0.05,55.833333333333336,80,46,19.7,26.7,15.5,18.0,25,14,11.366666666666667,14.5,9.3,55.166666666666664,61,51,0.3,0.3,0.3,3.0,3,3,126,766075.0,6079.960317460317,24.462500000000002
2019-09-24,0.0299,0.032,0.028,27.9,30,26,16.020000000000003,18.1,12.9,14.6,17,11,2.37,4.6,-0.2,13.2,26,0,0.22000000000000003,0.3,0.2,2.2,3,2,126,796772.0,6323.587301587301,22.016666666666666
2019-09-25,0.041,0.042,0.039,38.0,39,36,34.199999999999996,43.3,26.4,32.0,41,25,5.358333333333333,7.0,4.4,29.75,39,24,0.3333333333333333,0.4,0.3,3.6666666666666665,5,3,126,817961.0,6491.753968253968,18.108333333333334
2019-09-26,0.042333333333333334,0.044,0.037,39.333333333333336,41,34,32.46666666666667,38.4,28.8,30.0,36,26,7.591666666666666,9.3,7.0,42.083333333333336,51,39,0.39999999999999997,0.5,0.3,4.666666666666667,6,3,126,828890.0,6578.492063492064,19.875
2019-09-27,0.038,0.041,0.035,35.0,38,32,26.830000000000002,31.6,21.1,24.9,29,20,5.05,6.4,3.7,28.1,36,21,0.4,0.5,0.3,4.8,6,3,126,841146.0,6675.761904761905,17.208333333333332
2019-09-28,0.044,0.045,0.041,41.0,42,38,31.325,35.4,25.9,29.0,33,24,5.5625,7.8,3.9,31.0,43,22,0.325,0.4,0.2,3.75,5,2,136,838566.0,6165.926470588235,20.2375
2019-09-29,0.034999999999999996,0.036,0.033,32.333333333333336,33,31,27.45,36.9,23.1,25.833333333333332,34,22,3.9583333333333335,6.4,1.6,22.0,36,9,0.43333333333333335,0.5,0.4,5.333333333333333,6,5,136,775531.0,5702.433823529412,21.45
2019-09-30,0.029099999999999997,0.03,0.027,27.1,28,25,11.68,16.7,7.5,10.7,15,7,2.9,4.7,1.3,16.1,26,7,0.22000000000000003,0.3,0.2,2.2,3,2,10,83587.0,8358.7,17.4875
2019-10-01,0.037,0.037,0.037,34.0,34,34,27.950000000000003,28.8,27.1,25.5,26,25,6.45,8.5,3.9,36.0,47,22,0.3,0.3,0.3,3.0,3,3,10,78345.0,7834.5,20.212500000000002
2019-10-02,0.04807142857142858,0.05,0.044,44.5,46,41,26.207142857142856,28.9,24.0,24.285714285714285,26,23,9.37142857142857,10.6,7.2,50.142857142857146,54,40,0.32857142857142857,0.4,0.3,3.5714285714285716,5,3,10,75765.0,7576.5,24.995833333333334
2019-10-03,0.015722222222222224,0.017,0.014,14.722222222222221,16,13,16.188888888888886,21.9,10.9,14.38888888888889,20,9,2.033333333333333,3.8,-0.5,11.777777777777779,21,0,0.24444444444444446,0.4,0.2,2.6666666666666665,5,2,10,70134.0,7013.4,15.1875
2019-10-04,0.0265,0.029,0.024,24.5,27,22,16.85,20.6,12.5,15.25,19,11,2.0500000000000003,3.0,0.0,11.333333333333334,17,0,0.225,0.3,0.2,2.25,3,2,10,71119.0,7111.9,15.658333333333333
2019-10-05,0.03275,0.034,0.031,30.25,31,29,19.375,22.8,14.7,17.75,21,13,2.1875,3.9,0.5,12.25,22,3,0.225,0.3,0.2,2.25,3,2,291,1953029.0,6711.439862542956,10.679166666666667
2019-10-06,0.0328,0.034,0.032,30.4,31,30,24.020000000000003,33.6,16.1,22.3,31,15,4.4,6.2,2.8,24.5,34,16,0.33999999999999997,0.5,0.3,3.6,6,3,291,1856714.0,6380.460481099656,16.4875
2019-10-07,0.033,0.035,0.031,30.5,32,29,15.65,24.1,10.2,14.25,23,9,4.15,5.4,2.6,23.0,30,14,0.2,0.2,0.2,2.0,2,2,281,1812153.0,6448.943060498221,21.079166666666666
2019-10-08,0.022,0.024,0.019,20.25,22,18,16.6,21.2,12.0,15.25,20,11,3.0,4.2,2.0,16.5,23,11,0.225,0.3,0.2,2.25,3,2,281,1816397.0,6464.046263345196,15.991666666666667
2019-10-09,0.017499999999999998,0.019,0.015,16.5,18,14,8.77142857142857,12.0,4.9,7.714285714285714,11,4,3.6357142857142857,5.3,2.5,20.142857142857142,29,14,0.2285714285714286,0.3,0.2,2.2857142857142856,3,2,281,1845857.0,6568.886120996442,13.445833333333333
2019-10-10,0.036166666666666666,0.038,0.032,33.5,35,30,11.066666666666668,14.1,7.2,10.166666666666666,13,7,1.7166666666666668,2.7,1.1,9.5,15,6,0.2333333333333333,0.3,0.2,2.3333333333333335,3,2,281,1858170.0,6612.704626334519,14.183333333333332
2019-10-11,0.03383333333333333,0.035,0.031,31.166666666666668,32,29,14.283333333333333,18.9,9.0,12.666666666666666,17,8,2.1166666666666667,3.0,1.7,11.833333333333334,17,9,0.2333333333333333,0.3,0.1,2.3333333333333335,3,1,281,1904977.0,6779.277580071174,14.491666666666667
2019-10-12,0.026875,0.028,0.026,24.875,26,24,36.425000000000004,39.2,34.6,34.125,37,32,4.2125,4.9,2.4,23.25,27,13,0.525,0.6,0.3,6.0,7,3,391,2624892.0,6713.278772378517,14.733333333333334
2019-10-13,0.031578947368421054,0.032,0.031,29.57894736842105,30,29,22.78421052631579,24.3,21.8,21.31578947368421,23,20,4.568421052631579,5.8,3.2,25.263157894736842,32,18,0.46842105263157896,0.5,0.3,5.526315789473684,6,3,391,2453935.0,6276.048593350383,14.333333333333334
2019-10-14,0.042,0.043,0.041,39.0,40,38,30.31578947368421,35.9,25.6,28.105263157894736,33,24,6.515789473684211,7.4,5.2,36.26315789473684,41,29,0.3842105263157895,0.4,0.3,4.684210526315789,5,3,110,704698.0,6406.345454545454,16.291666666666668
2019-10-15,0.027875,0.029,0.026,25.875,27,24,35.4625,36.4,34.7,33.0,34,32,5.8875,7.4,5.1,32.75,41,28,0.3875,0.4,0.3,4.75,5,3,110,721014.0,6554.672727272728,13.137500000000001
2019-10-16,0.04375,0.047,0.039,40.75,44,36,34.1,40.1,30.5,31.5,38,28,4.25,7.2,2.4,23.5,40,13,0.45,0.5,0.3,5.25,6,3,110,721099.0,6555.445454545455,14.616666666666667
2019-10-17,0.02033333333333333,0.021,0.02,19.0,19,19,10.200000000000001,11.0,9.0,9.0,10,8,1.8833333333333335,2.6,0.5,10.5,14,3,0.20000000000000004,0.2,0.2,2.0,2,2,110,744470.0,6767.909090909091,12.183333333333332
2019-10-18,0.02325,0.024,0.023,21.25,22,21,13.1625,15.6,11.5,11.75,14,10,2.29375,3.7,1.0,12.625,21,6,0.21250000000000002,0.3,0.2,2.125,3,2,110,767452.0,6976.836363636364,11.674999999999999
2019-10-19,0.024999999999999998,0.026,0.022,23.0,24,20,37.975,41.9,34.1,35.5,39,32,5.7,6.9,5.1,31.625,38,28,0.525,0.6,0.5,6.25,7,6,118,800194.0,6781.3050847457625,9.345833333333333
2019-10-20,0.03375,0.037,0.03,31.25,34,28,34.95,42.0,30.3,32.75,40,28,8.862499999999999,11.2,7.1,47.625,55,39,1.075,1.2,0.8,12.5,14,9,118,737126.0,6246.830508474576,11.070833333333333
2019-10-21,0.0355,0.036,0.035,32.5,33,32,42.9,46.0,39.8,40.0,43,37,7.233333333333333,7.9,6.9,40.166666666666664,44,38,0.6999999999999998,0.7,0.7,8.0,8,8,8,47385.0,5923.125,12.954166666666666
2019-10-22,0.020999999999999998,0.023,0.019,19.5,21,18,29.45,30.0,28.9,27.0,28,26,4.925,6.2,3.4,27.5,34,19,0.8,0.8,0.8,9.0,9,9,8,50392.0,6299.0,13.112499999999999
2019-10-23,0.03381818181818182,0.036,0.033,31.545454545454547,33,31,20.60909090909091,21.4,18.9,19.181818181818183,20,17,3.6454545454545455,4.8,2.0,20.363636363636363,27,11,0.2863636363636364,0.3,0.2,2.8636363636363638,3,2,8,52493.0,6561.625,15.612499999999999
2019-10-24,0.031,0.032,0.03,29.0,30,28,38.85,42.0,35.7,36.5,40,33,6.033333333333334,7.4,5.2,33.5,41,29,0.5,0.5,0.5,6.0,6,6,8,53917.0,6739.625,12.012500000000001
2019-10-25,0.03175,0.038,0.025,29.25,35,23,54.125,67.2,49.0,51.25,65,46,10.675,14.1,8.5,53.0,60,47,0.925,1.0,0.8,10.25,11,9,8,46140.0,5767.5,12.362499999999999
2019-10-26,0.033,0.035,0.031,30.5,32,29,22.65,24.5,19.0,21.25,23,18,5.7125,7.3,4.4,31.75,41,24,0.325,0.4,0.3,3.5,5,3,8,40993.0,5124.125,13.258333333333333
2019-10-27,0.03266666666666666,0.037,0.03,30.333333333333332,34,28,18.066666666666666,23.2,15.5,16.5,22,14,3.755555555555555,5.3,2.7,20.77777777777778,29,15,0.26666666666666666,0.5,0.2,2.8333333333333335,6,2,8,44219.0,5527.375,15.270833333333334
2019-11-02,0.0253,0.028,0.023,23.3,26,21,27.619999999999997,30.4,24.5,25.3,28,23,4.5,7.0,3.4,25.0,39,19,0.38,0.4,0.3,4.6,5,3,100,630839.0,6308.39,7.1000000000000005
2019-11-03,0.0275,0.029,0.026,25.5,27,24,20.825,24.0,16.9,19.25,23,15,5.8,7.6,4.3,32.25,42,24,0.3,0.3,0.3,3.0,3,3,100,565536.0,5655.36,7.7
2019-11-04,0.03075,0.032,0.028,28.75,30,26,43.725,51.2,32.5,40.75,48,30,5.1,6.1,3.7,28.5,34,21,0.675,0.8,0.6,7.75,9,7,101,632662.0,6263.980198019802,7.55
2019-11-05,0.023799999999999998,0.028,0.02,22.1,26,19,40.22,45.3,35.1,37.7,42,33,6.95,8.5,4.7,38.6,47,26,0.36,0.4,0.3,4.2,5,3,101,617759.0,6116.425742574257,10.720833333333333
2019-11-06,0.028999999999999998,0.03,0.027,27.0,28,25,39.775000000000006,44.7,34.2,37.5,42,32,6.475,9.0,5.5,36.0,50,31,0.4,0.4,0.4,5.0,5,5,101,635458.0,6291.663366336634,8.7875
2019-11-07,0.02675,0.029,0.023,24.75,27,21,40.75,46.0,36.8,38.0,43,34,7.6625000000000005,11.5,5.9,41.25,55,33,0.45,0.5,0.4,5.5,6,5,101,639090.0,6327.623762376237,8.6875
2019-11-08,0.024625,0.025,0.024,22.625,23,22,17.4375,21.0,15.0,16.25,20,14,2.35,3.6,1.6,12.9375,20,9,0.225,0.3,0.2,2.25,3,2,101,667332.0,6607.247524752475,3.3125
2019-11-09,0.02114285714285714,0.024,0.019,19.714285714285715,22,18,29.42142857142857,31.5,25.5,27.357142857142858,29,24,3.0,4.5,1.6,16.571428571428573,25,9,0.3,0.3,0.3,3.0,3,3,106,668189.0,6303.669811320755,0.05833333333333333
2019-11-10,0.024142857142857143,0.029,0.02,22.428571428571427,27,19,40.121428571428574,45.0,34.0,37.642857142857146,42,32,8.6,10.4,7.0,47.0,53,39,0.4428571428571429,0.5,0.4,5.428571428571429,6,5,106,600832.0,5668.226415094339,4.154166666666667
2019-11-11,0.0251,0.026,0.023,23.1,24,21,48.36,54.3,44.1,45.5,51,42,17.23,21.5,11.8,66.2,74,56,0.86,1.0,0.6,9.6,11,7,6,35301.0,5883.5,7.758333333333333
2019-11-12,0.02914285714285714,0.03,0.027,27.142857142857142,28,25,25.62142857142857,33.8,18.7,23.714285714285715,31,17,5.271428571428571,6.8,4.4,29.285714285714285,38,24,0.35714285714285715,0.4,0.3,4.142857142857143,5,3,6,40285.0,6714.166666666667,6.895833333333333
2019-11-13,0.0305,0.031,0.029,28.5,29,27,31.8,36.6,20.8,29.5,34,19,4.0125,5.5,2.2,22.25,31,12,0.25,0.4,0.2,2.75,5,2,6,37307.0,6217.833333333333,-2.370833333333333
2019-11-14,0.0218,0.026,0.018,20.4,24,17,43.28,47.9,37.3,40.3,44,35,5.93,7.6,4.2,32.8,42,23,0.54,0.6,0.4,6.4,7,5,6,39621.0,6603.5,0.14166666666666666
2019-11-15,0.0275,0.028,0.026,25.5,26,24,43.175,47.9,37.3,40.25,44,35,11.8375,15.5,9.9,56.0,63,52,0.5,0.5,0.5,6.0,6,6,6,43199.0,7199.833333333333,3.8208333333333333
2019-11-16,0.03325,0.035,0.03,30.75,32,28,18.425,24.4,13.4,17.0,23,12,3.6,4.7,1.8,19.875,26,10,0.325,0.4,0.3,3.5,5,3,13,105589.0,8122.2307692307695,2.6041666666666665
2019-11-17,0.0312,0.033,0.029,29.2,31,27,18.96,38.4,7.2,17.6,36,7,3.71,5.3,2.0,20.6,29,11,0.27999999999999997,0.3,0.2,2.8,3,2,13,100079.0,7698.384615384615,0.6083333333333333
2019-11-18,0.01575,0.018,0.012,14.75,17,11,26.85,35.7,19.1,24.75,33,18,4.4375,5.9,3.0,24.625,33,17,0.4,0.5,0.3,4.75,6,3,7,68047.0,9721.0,3.370833333333333
2019-11-19,0.0175,0.018,0.017,16.5,17,16,25.799999999999997,28.7,22.9,23.5,26,21,5.75,6.9,5.0,32.0,38,28,0.3,0.3,0.3,3.0,3,3,7,64346.0,9192.285714285714,6.079166666666667
2019-11-20,0.0251,0.026,0.023,23.1,24,21,21.23,25.6,15.5,19.8,24,14,6.1899999999999995,7.8,5.1,34.4,43,28,0.32,0.4,0.3,3.4,5,3,7,74083.0,10583.285714285714,5.1000000000000005
2019-11-21,0.022285714285714287,0.024,0.021,20.285714285714285,22,19,40.957142857142856,44.1,35.9,38.57142857142857,42,33,8.67142857142857,10.7,7.1,47.142857142857146,54,39,0.4785714285714286,0.5,0.4,5.785714285714286,6,5,7,72096.0,10299.42857142857,5.620833333333334
2019-11-22,0.02214285714285714,0.023,0.02,20.428571428571427,21,19,30.478571428571428,38.0,22.8,28.428571428571427,36,21,8.357142857142858,10.6,7.1,45.714285714285715,54,39,0.37857142857142856,0.4,0.3,4.571428571428571,5,3,7,74056.0,10579.42857142857,7.683333333333334
2019-11-23,0.023000000000000003,0.025,0.021,21.0,23,19,33.88333333333333,37.6,28.8,31.166666666666668,35,26,4.711111111111111,6.4,3.5,26.22222222222222,36,19,0.3,0.3,0.3,3.0,3,3,7,65725.0,9389.285714285714,3.1791666666666667
2019-11-24,0.023142857142857142,0.024,0.021,21.142857142857142,22,19,32.535714285714285,36.5,30.1,30.142857142857142,34,28,4.8,6.1,3.4,26.714285714285715,34,19,0.32142857142857145,0.4,0.3,3.4285714285714284,5,3,7,62777.0,8968.142857142857,5.3875
2020-10-03,0.0306,0.033,0.03,28.6,31,28,20.13,24.0,18.1,19.0,23,17,3.8333333333333335,4.9,2.6,21.266666666666666,27,14,0.3,0.3,0.3,3.0,3,3,53,304547.0,5746.169811320755,13.941666666666668
2020-10-04,0.036,0.036,0.036,33.0,33,33,19.9,22.7,17.1,18.5,21,16,4.25,4.7,3.8,23.5,26,21,0.3,0.3,0.3,3.0,3,3,53,267826.0,5053.320754716981,13.5625
2020-10-06,0.043000000000000003,0.043,0.043,40.0,40,40,29.5,29.5,29.5,27.0,27,27,6.566666666666666,6.7,6.5,36.333333333333336,37,36,0.4000000000000001,0.4,0.4,5.0,5,5,56,343259.0,6129.625,15.933333333333332
2020-10-07,0.046,0.046,0.046,43.0,43,43,16.95,17.4,16.5,15.5,16,15,6.300000000000001,6.4,6.2,35.0,36,34,0.3,0.3,0.3,3.0,3,3,56,345026.0,6161.178571428572,17.554166666666667
2020-10-08,0.029,0.029,0.029,27.0,27,27,17.75,21.2,14.3,16.5,20,13,2.3,3.6,1.0,13.0,20,6,0.2,0.2,0.2,2.0,2,2,56,348969.0,6231.589285714285,15.133333333333333
2020-10-09,0.036,0.036,0.036,33.0,33,33,29.400000000000002,30.5,28.3,27.0,28,26,5.233333333333333,5.8,4.9,29.0,32,27,0.4000000000000001,0.4,0.4,5.0,5,5,53,343368.0,6478.641509433963,13.3375
2020-10-10,0.034,0.034,0.034,31.0,31,31,8.05,8.6,7.5,7.5,8,7,5.85,6.5,5.2,32.5,36,29,0.3,0.3,0.3,3.0,3,3,272,1604119.0,5897.496323529412,17.616666666666667
2020-10-11,0.031,0.031,0.031,29.0,29,29,15.0,15.0,15.0,14.0,14,14,7.699999999999999,8.7,6.7,42.5,48,37,0.3,0.3,0.3,3.0,3,3,272,1412585.0,5193.327205882353,17.770833333333332
2020-10-12,0.03,0.03,0.03,28.0,28,28,13.299999999999999,20.0,6.6,12.5,19,6,1.5666666666666667,2.2,0.5,8.666666666666666,12,3,0.20000000000000004,0.2,0.2,2.0,2,2,219,1192224.0,5443.945205479452,12.720833333333333
2020-10-13,0.021,0.021,0.021,19.0,19,19,14.25,16.5,12.0,13.0,15,11,1.75,1.9,1.6,10.0,11,9,0.3,0.3,0.3,3.0,3,3,219,1276289.0,5827.803652968037,13.595833333333333
2020-10-14,0.0305,0.031,0.03,28.5,29,28,40.05,42.5,37.6,37.5,40,35,6.0,6.6,5.3,33.25,37,29,0.4,0.4,0.4,5.0,5,5,219,1339666.0,6117.196347031963,14.424999999999999
2020-10-15,0.0452,0.048,0.043,42.0,44,40,40.24,42.4,35.7,38.0,40,33,7.3933333333333335,8.8,5.0,41.2,49,28,0.48000000000000004,0.5,0.4,5.8,6,5,219,1347736.0,6154.045662100457,15.529166666666667
2020-10-16,0.026555555555555554,0.027,0.026,24.555555555555557,25,24,23.033333333333335,29.1,17.2,21.444444444444443,27,16,3.3722222222222222,4.8,0.5,18.77777777777778,27,3,0.2,0.2,0.2,2.0,2,2,219,1355537.0,6189.666666666667,14.887500000000001
2020-10-17,0.03,0.032,0.029,28.0,30,27,35.660000000000004,38.4,30.3,33.3,36,28,5.3100000000000005,7.1,4.3,29.5,39,24,0.72,0.8,0.7,8.2,9,8,253,1498231.0,5921.861660079051,10.866666666666667
2020-10-18,0.031599999999999996,0.034,0.03,29.4,31,28,29.939999999999998,36.8,24.7,28.0,34,23,8.486666666666666,9.7,7.5,46.8,52,42,1.2,1.6,1.1,14.0,18,13,253,1337252.0,5285.581027667984,11.637500000000001
2020-10-19,0.0314,0.037,0.028,29.2,34,26,29.35,32.6,25.1,27.3,30,24,6.7700000000000005,7.9,5.4,37.6,44,30,0.5,0.5,0.5,6.0,6,6,34,219920.0,6468.235294117647,13.883333333333333
2020-10-20,0.0218,0.031,0.019,20.6,29,18,33.82,37.3,26.1,31.4,35,25,6.6,8.9,2.3,36.6,49,13,0.38,0.4,0.3,4.6,5,3,34,219494.0,6455.705882352941,16.358333333333334
2020-10-21,0.023,0.025,0.022,21.0,23,20,24.38,24.9,22.6,22.7,23,21,5.319999999999999,8.0,3.1,29.6,44,17,0.38,0.4,0.3,4.6,5,3,34,226575.0,6663.970588235294,16.229166666666668
2020-10-22,0.015666666666666666,0.019,0.014,14.666666666666666,18,13,37.916666666666664,41.0,36.8,35.333333333333336,39,34,12.6,16.3,9.6,57.5,64,52,0.5666666666666667,0.6,0.5,6.666666666666667,7,6,34,226628.0,6665.529411764706,18.2125
2020-10-23,0.0312,0.036,0.03,29.0,33,28,27.5,29.7,25.0,25.5,27,24,5.76,9.3,2.5,31.9,51,14,0.48,0.5,0.4,5.8,6,5,34,227312.0,6685.64705882353,17.5125
2020-10-24,0.0176,0.02,0.017,16.6,19,16,15.75,18.6,11.3,14.2,17,10,4.319999999999999,6.3,2.7,24.066666666666666,35,15,0.2,0.2,0.2,2.0,2,2,39,251386.0,6445.794871794872,17.07916666666667
2020-10-25,0.0232,0.026,0.022,21.2,24,20,14.59,17.5,11.3,13.3,16,10,3.3,4.5,1.9,18.4,25,11,0.2,0.2,0.2,2.0,2,2,39,215113.0,5515.717948717948,9.4
2020-10-26,0.0168,0.019,0.015,15.8,18,14,24.259999999999998,28.6,18.0,22.7,26,17,5.75,7.7,3.8,32.1,43,21,0.3,0.3,0.3,3.0,3,3,5,41014.0,8202.8,12.741666666666667
2020-10-27,0.0164,0.018,0.016,15.4,17,15,23.84,25.1,22.4,22.5,24,21,4.306666666666667,6.4,3.4,23.866666666666667,36,19,0.4,0.4,0.4,5.0,5,5,5,42058.0,8411.6,14.0375
2020-10-28,0.006333333333333333,0.009,0.006,6.222222222222222,8,6,22.200000000000003,23.7,21.0,20.88888888888889,22,20,5.8277777777777775,6.8,5.3,32.388888888888886,38,29,0.48888888888888893,0.5,0.4,5.888888888888889,6,5,5,42080.0,8416.0,12.970833333333333
2020-10-29,0.0242,0.027,0.022,22.2,25,20,20.0,23.8,18.1,18.7,22,17,2.7800000000000002,3.9,1.5,15.4,22,8,0.38,0.4,0.3,4.6,5,3,5,40749.0,8149.8,11.458333333333334
2020-10-30,0.0178,0.021,0.016,16.6,19,15,19.779999999999998,23.3,15.4,18.4,22,14,3.433333333333333,4.6,1.7,19.133333333333333,26,9,0.3,0.3,0.3,3.0,3,3,5,43014.0,8602.8,6.141666666666667
2020-10-31,0.0258,0.027,0.025,23.8,25,23,23.740000000000002,29.4,20.2,22.2,27,19,6.24,8.2,5.0,34.8,46,28,0.3,0.3,0.3,3.0,3,3,5,39833.0,7966.6,3.5541666666666667
2020-11-01,0.028,0.029,0.027,26.0,27,25,18.183333333333334,20.4,16.3,17.0,19,15,3.4166666666666665,5.7,1.8,19.166666666666668,32,10,0.2333333333333333,0.3,0.2,2.3333333333333335,3,2,5,37731.0,7546.2,8.7875
2020-11-07,0.04,0.042,0.038,37.0,39,35,43.35,55.3,35.9,40.5,52,33,16.333333333333332,18.5,14.5,64.66666666666667,69,61,0.6,0.9,0.5,7.0,10,6,43,253751.0,5901.186046511628,13.979166666666666
2020-11-08,0.036333333333333336,0.041,0.03,33.666666666666664,38,28,63.38333333333334,76.4,50.1,60.333333333333336,74,47,22.655555555555555,27.1,20.0,76.22222222222223,85,71,1.2666666666666666,1.8,1.0,14.5,20,11,43,206203.0,4795.418604651163,13.641666666666666
2020-11-09,0.02766666666666667,0.035,0.022,25.333333333333332,32,20,67.2,76.2,52.0,64.66666666666667,74,49,26.316666666666666,29.9,22.0,83.16666666666667,90,75,1.5666666666666667,1.8,1.5,17.666666666666668,20,17,43,246710.0,5737.441860465116,13.045833333333334
2020-11-10,0.021,0.026,0.014,19.333333333333332,24,13,37.28333333333333,39.6,34.4,34.666666666666664,37,32,10.516666666666666,13.2,8.5,53.0,59,47,0.6833333333333332,0.7,0.6,7.833333333333333,8,7,43,254405.0,5916.395348837209,14.895833333333334
2020-11-11,0.009666666666666667,0.016,0.005,9.0,15,5,29.166666666666668,30.5,24.6,27.0,28,23,4.7555555555555555,7.1,2.5,26.333333333333332,39,14,0.3333333333333333,0.4,0.2,4.0,5,2,43,257227.0,5982.023255813953,17.466666666666665
2020-11-12,0.020666666666666667,0.022,0.019,19.0,20,18,22.71666666666667,23.7,20.3,21.333333333333332,22,19,3.5,5.3,2.3,19.5,29,13,0.3333333333333333,0.6,0.2,3.5,7,2,43,261487.0,6081.093023255814,14.579166666666666
2020-11-13,0.0118,0.015,0.01,10.8,14,9,24.34,25.9,23.8,22.8,24,22,4.35,5.7,3.4,24.3,32,19,0.42000000000000004,0.6,0.4,5.2,7,5,43,262892.0,6113.767441860465,8.987499999999999
2020-11-14,0.030000000000000002,0.032,0.028,28.0,30,26,25.133333333333333,27.6,22.6,23.333333333333332,25,21,6.011111111111111,8.1,4.1,33.44444444444444,45,23,0.4166666666666667,0.5,0.4,5.166666666666667,6,5,314,1818720.0,5792.101910828025,7.491666666666667
2020-11-15,0.04,0.041,0.039,37.0,38,36,29.733333333333334,31.9,27.2,27.333333333333332,29,25,6.016666666666667,8.5,4.4,33.333333333333336,47,24,0.4166666666666667,0.6,0.3,5.0,7,3,314,1545264.0,4921.222929936306,7.933333333333334
2020-11-16,0.028999999999999998,0.03,0.028,27.0,28,26,32.7,33.3,32.1,30.5,31,30,4.5,4.9,4.0,24.75,27,22,0.4,0.4,0.4,5.0,5,5,271,1638142.0,6044.80442804428,10.291666666666666
2020-11-17,0.03066666666666667,0.032,0.029,28.666666666666668,30,27,33.71666666666667,36.5,30.7,31.333333333333332,34,28,4.466666666666667,6.0,3.4,24.666666666666668,33,19,0.38333333333333336,0.4,0.3,4.666666666666667,5,3,271,1657360.0,6115.719557195572,5.258333333333334
2020-11-18,0.028999999999999998,0.03,0.027,27.0,28,25,14.683333333333335,20.6,10.8,13.0,19,9,3.483333333333333,5.4,1.6,19.333333333333332,30,9,0.21666666666666667,0.3,0.2,2.1666666666666665,3,2,271,1665267.0,6144.896678966789,1.325
2020-11-19,0.024333333333333332,0.028,0.022,22.333333333333332,26,20,35.0,38.9,29.7,32.5,36,27,5.25,6.8,2.7,29.166666666666668,38,15,0.31666666666666665,0.4,0.3,3.3333333333333335,5,3,271,1699199.0,6270.10701107011,1.2583333333333333
2020-11-20,0.019,0.026,0.015,17.666666666666668,24,14,40.93333333333334,45.2,36.2,38.333333333333336,42,34,9.033333333333333,11.5,6.7,48.22222222222222,55,37,0.38333333333333336,0.4,0.3,4.666666666666667,5,3,271,1758151.0,6487.642066420664,8.241666666666667
2020-11-21,0.029199999999999997,0.03,0.028,27.2,28,26,35.43,39.2,32.2,33.1,37,30,11.32,13.2,10.5,55.3,59,54,0.42000000000000004,0.5,0.4,5.2,6,5,271,1590560.0,5869.225092250923,10.879166666666668
2020-11-22,0.0284,0.032,0.027,26.4,30,25,13.34,17.4,9.4,12.0,16,8,5.62,7.6,2.2,31.0,42,12,0.2,0.2,0.2,2.0,2,2,271,1354785.0,4999.2066420664205,7.8125
2020-12-05,0.022333333333333334,0.023,0.021,20.333333333333332,21,19,33.36666666666667,35.0,30.9,31.0,33,28,5.511111111111111,6.9,4.6,30.666666666666668,38,26,0.4166666666666667,0.5,0.4,5.166666666666667,6,5,1,5402.0,5402.0,6.116666666666667
2020-12-06,0.028666666666666663,0.03,0.027,26.666666666666668,28,25,12.366666666666667,15.0,8.6,11.166666666666666,14,8,2.733333333333333,4.3,0.1,15.333333333333334,24,1,0.20000000000000004,0.2,0.2,2.0,2,2,1,4974.0,4974.0,2.8125
2020-12-07,0.024333333333333332,0.027,0.023,22.333333333333332,25,21,30.150000000000002,33.0,27.4,27.833333333333332,31,25,4.8,6.2,3.7,26.666666666666668,34,21,0.31666666666666665,0.4,0.3,3.3333333333333335,5,3,1,6163.0,6163.0,0.7666666666666666
2020-12-08,0.02142857142857143,0.023,0.019,19.714285714285715,21,18,16.485714285714288,19.4,13.8,15.0,18,12,3.957142857142857,6.3,2.4,22.0,35,13,0.22142857142857145,0.3,0.2,2.2142857142857144,3,2,1,6593.0,6593.0,0.3333333333333333
2020-12-09,0.010499999999999999,0.011,0.009,9.5,10,8,33.9,34.8,33.0,31.25,32,31,11.425,13.3,10.6,55.5,59,54,0.3,0.3,0.3,3.0,3,3,1,8426.0,8426.0,0.35000000000000003
2020-12-10,0.021714285714285714,0.024,0.019,20.0,22,18,34.83571428571428,36.5,32.8,32.285714285714285,34,30,8.857142857142858,10.6,7.1,47.857142857142854,54,39,0.37857142857142856,0.4,0.3,4.571428571428571,5,3,1,8536.0,8536.0,4.179166666666666
2020-12-11,0.0184,0.022,0.014,17.0,20,13,46.45,48.5,41.7,43.2,45,39,15.35,18.9,13.3,62.6,69,59,1.1,1.2,1.0,12.8,14,11,1,6647.0,6647.0,3.579166666666667
2020-12-12,0.018714285714285715,0.023,0.015,17.285714285714285,21,14,39.34285714285714,42.1,37.3,37.0,40,35,15.328571428571427,20.0,11.9,62.714285714285715,71,56,0.9928571428571429,1.1,0.8,11.5,13,9,1,5496.0,5496.0,7.1499999999999995
2020-12-13,0.025285714285714283,0.027,0.023,23.285714285714285,25,21,30.642857142857142,34.6,26.3,28.642857142857142,32,25,11.671428571428573,14.5,9.7,55.714285714285715,61,52,0.43571428571428567,0.5,0.3,5.142857142857143,6,3,1,4455.0,4455.0,10.058333333333334
2021-05-01,0.04063636363636364,0.042,0.039,37.63636363636363,39,36,30.204545454545453,38.6,22.9,28.181818181818183,36,21,2.3545454545454545,3.3,1.3,13.0,18,7,0.2545454545454545,0.3,0.2,2.5454545454545454,3,2,54,267707.0,4957.537037037037,10.508333333333333
2021-05-02,0.0525,0.054,0.05,48.5,50,46,17.725,18.8,14.9,16.0,17,13,6.7875,7.3,5.8,37.75,41,32,0.275,0.3,0.2,2.75,3,2,54,225631.0,4178.351851851852,17.099999999999998
2021-05-03,0.03425,0.038,0.032,31.75,35,30,22.2,27.7,17.2,20.5,25,16,5.9125,7.4,4.5,32.875,41,25,0.25,0.4,0.2,2.75,5,2,54,246022.0,4555.962962962963,15.195833333333333
2021-05-04,0.040499999999999994,0.043,0.036,37.5,40,33,19.3,23.3,13.2,18.0,22,12,6.2299999999999995,9.1,3.9,34.9,51,22,0.275,0.4,0.2,3.0,5,2,54,258682.0,4790.407407407408,14.845833333333333
2021-05-05,0.024999999999999998,0.026,0.022,23.0,24,20,30.15,34.6,23.5,27.75,32,22,3.875,6.3,1.5,21.375,35,8,0.325,0.4,0.3,3.5,5,3,54,247664.0,4586.37037037037,12.3125
2021-05-06,0.03542857142857143,0.036,0.035,32.42857142857143,33,32,15.971428571428572,22.0,12.1,14.714285714285714,21,11,1.9000000000000001,3.2,0.1,10.571428571428571,18,1,0.2642857142857143,0.4,0.2,2.857142857142857,5,2,54,270886.0,5016.407407407408,12.924999999999999
2021-05-07,0.041499999999999995,0.043,0.038,38.5,40,35,17.6,24.6,13.8,16.0,23,12,2.89,4.0,0.8,15.9,22,4,0.25,0.4,0.2,2.75,5,2,54,283466.0,5249.37037037037,12.241666666666667
2021-05-08,0.035,0.038,0.031,32.5,35,29,19.775,24.0,17.3,18.5,23,16,3.6625,5.5,2.0,20.375,31,11,0.225,0.3,0.2,2.25,3,2,54,267886.0,4960.851851851852,10.258333333333333
2021-05-09,0.0385,0.039,0.037,35.5,36,34,17.975,22.9,13.3,16.5,21,12,4.1875,6.2,2.5,23.25,34,14,0.225,0.3,0.2,2.25,3,2,54,228572.0,4232.814814814815,10.2125
